{
  "time_hours": [
    0.0,
    1.0,
    2.0,
    3.0,
    4.0,
    5.0,
    6.0,
    7.0,
    8.0,
    9.0,
    10.0,
    11.0,
    12.0
  ],
  "wind_speed_mps": [
    4.5,
    5.95,
    7.132050807568877,
    7.85,
    8.032050807568877,
    7.75,
    7.2,
    6.65,
    6.367949192431123,
    6.55,
    7.267949192431123,
    8.45,
    9.899999999999999
  ],
  "wind_direction_deg_from": [
    225.0,
    230.17638090205043,
    235.0,
    239.14213562373095,
    242.32050807568876,
    244.31851652578138,
    245.0,
    244.31851652578138,
    242.32050807568876,
    239.14213562373095,
    235.0,
    230.17638090205043,
    225.0
  ],
  "temperature_c": [
    20.0,
    21.811733315717646,
    23.5,
    24.94974746830583,
    26.06217782649107,
    26.761480784023476,
    27.0,
    26.761480784023476,
    26.062177826491073,
    24.949747468305834,
    23.5,
    21.811733315717646,
    20.0
  ],
  "relative_humidity_pct": [
    52.0,
    48.358273073907505,
    44.0,
    39.51471862576143,
    35.607695154586736,
    32.94478846939342,
    32.0,
    32.94478846939342,
    35.607695154586736,
    39.51471862576143,
    44.0,
    48.3582730739075,
    52.0
  ],
  "pressure_pa": [
    82500.0,
    82500.0,
    82500.0,
    82500.0,
    82500.0,
    82500.0,
    82500.0,
    82500.0,
    82500.0,
    82500.0,
    82500.0,
    82500.0,
    82500.0
  ],
  "precipitation_mmhr": [
    0.0,
    0.0,
    0.0,
    0.0,
    0.0,
    0.0,
    0.0,
    0.0,
    0.3,
    0.3,
    0.0,
    0.0,
    0.0
  ],
  "source_name": "mock",
  "metadata": {
    "provider": "mock",
    "description": "Deterministic synthetic forcing for local proof-of-concept runs.",
    "domain_center": [
      39.5,
      -105.5
    ]
  }
}