{
  "time_hours": [
    0.0,
    3.0,
    6.0,
    9.0,
    12.0
  ],
  "wind_speed_mps": [
    3.450298367349701,
    3.2130287135373807,
    4.388196317668841,
    5.223787298172621,
    5.531430524487931
  ],
  "wind_direction_deg_from": [
    250.12689165417964,
    240.89331663127024,
    268.1936170543083,
    266.224255719843,
    256.65456500574754
  ],
  "temperature_c": [
    4.189086914062557,
    8.890869140625057,
    14.248437500000023,
    15.011484375000009,
    12.843027343750009
  ],
  "relative_humidity_pct": [
    38.100746154785156,
    26.635111618041993,
    19.125020599365236,
    17.74740982055664,
    22.053708648681642
  ],
  "pressure_pa": [
    72146.79062500001,
    72141.203125,
    72101.9875,
    71987.74375000001,
    71967.325
  ],
  "precipitation_mmhr": [
    0.0,
    0.0,
    0.0,
    0.0,
    0.0
  ],
  "source_name": "earth2studio_gefs",
  "metadata": {
    "provider": "earth2",
    "member": "gec00",
    "init_time_utc": "2026-03-30T12:00:00",
    "variables": [
      "u10m",
      "v10m",
      "t2m",
      "r2m",
      "sp"
    ],
    "cycle_lag_hours": 6,
    "scenario": "baseline",
    "heterogeneity_strength": 0.2,
    "wind_streak_strength": 0.15,
    "dryness_patch_strength": 0.1,
    "canopy_patchiness_pct": 10,
    "slope_variability_deg": 5.0
  }
}